Portugal	Share_of_employed_who_are_own-account_workers	Latest	0.296620624672
New_Zealand	Share_of_employed_who_are_own-account_workers	Latest	0.393548048778
Luxembourg	Share_of_employed_who_are_own-account_workers	Latest	0.0131824672494
Poland	Share_of_employed_who_are_own-account_workers	Latest	0.535273424691
Belgium	Share_of_employed_who_are_own-account_workers	2014	0.36732222172
Belgium	Share_of_employed_who_are_own-account_workers	2010	0.330560099624
Belgium	Share_of_employed_who_are_own-account_workers	2011	0.327225331527
Belgium	Share_of_employed_who_are_own-account_workers	2012	0.322888260715
Belgium	Share_of_employed_who_are_own-account_workers	2013	0.419217740634
Belgium	Share_of_employed_who_are_own-account_workers	2009	0.317943275828
Belgium	Share_of_employed_who_are_own-account_workers	2008	0.325027919718
Belgium	Share_of_employed_who_are_own-account_workers	2007	0.313230194722
Belgium	Share_of_employed_who_are_own-account_workers	2006	0.335954890662
Belgium	Share_of_employed_who_are_own-account_workers	2005	0.314432741929
Belgium	Share_of_employed_who_are_own-account_workers	2004	0.316890240645
Belgium	Share_of_employed_who_are_own-account_workers	2003	0.279856623613
Belgium	Share_of_employed_who_are_own-account_workers	2002	0.254360730835
Belgium	Share_of_employed_who_are_own-account_workers	2001	0.222719045236
Belgium	Share_of_employed_who_are_own-account_workers	2000	0.293006677676
Iceland	Share_of_employed_who_are_own-account_workers	Latest	0.334093943746
United_States	Share_of_employed_who_are_own-account_workers	2010	0.236894723818
United_States	Share_of_employed_who_are_own-account_workers	2011	0.217031658819
United_States	Share_of_employed_who_are_own-account_workers	2012	0.189423031259
United_States	Share_of_employed_who_are_own-account_workers	2013	0.18058983133
United_States	Share_of_employed_who_are_own-account_workers	2014	0.212864086631
United_States	Share_of_employed_who_are_own-account_workers	2009	0.232018898862
United_States	Share_of_employed_who_are_own-account_workers	2008	0.233926437475
United_States	Share_of_employed_who_are_own-account_workers	2007	0.221120660244
United_States	Share_of_employed_who_are_own-account_workers	2006	0.214434554882
United_States	Share_of_employed_who_are_own-account_workers	2005	0.22292875042
United_States	Share_of_employed_who_are_own-account_workers	2004	0.221856804451
United_States	Share_of_employed_who_are_own-account_workers	2003	0.19213660072
United_States	Share_of_employed_who_are_own-account_workers	2002	0.170165772166
United_States	Share_of_employed_who_are_own-account_workers	2001	0.136207119877
United_States	Share_of_employed_who_are_own-account_workers	2000	0.151996940974
South_Africa	Share_of_employed_who_are_own-account_workers	Latest	0.0249366324053
Brazil	Share_of_employed_who_are_own-account_workers	Latest	0.743731117034
Spain	Share_of_employed_who_are_own-account_workers	2014	0.483101321248
Spain	Share_of_employed_who_are_own-account_workers	2012	0.444205612817
Spain	Share_of_employed_who_are_own-account_workers	2013	0.481403997592
Spain	Share_of_employed_who_are_own-account_workers	2010	0.382896330597
Spain	Share_of_employed_who_are_own-account_workers	2011	0.380505358015
Spain	Share_of_employed_who_are_own-account_workers	2005	0.327490685536
Spain	Share_of_employed_who_are_own-account_workers	2004	0.35179695687
Spain	Share_of_employed_who_are_own-account_workers	2007	0.343139169861
Spain	Share_of_employed_who_are_own-account_workers	2006	0.351002760285
Spain	Share_of_employed_who_are_own-account_workers	2001	0.3433893774
Spain	Share_of_employed_who_are_own-account_workers	2000	0.348550798424
Spain	Share_of_employed_who_are_own-account_workers	2003	0.32259599259
Spain	Share_of_employed_who_are_own-account_workers	2002	0.376036136359
Spain	Share_of_employed_who_are_own-account_workers	2009	0.357627167402
Spain	Share_of_employed_who_are_own-account_workers	2008	0.354548805762
Mexico	Share_of_employed_who_are_own-account_workers	2014	0.0478377889854
Mexico	Share_of_employed_who_are_own-account_workers	2011	0.0479916300511
Mexico	Share_of_employed_who_are_own-account_workers	2010	0.0411155528594
Mexico	Share_of_employed_who_are_own-account_workers	2013	0.0878556708459
Mexico	Share_of_employed_who_are_own-account_workers	2012	0.115132165675
Mexico	Share_of_employed_who_are_own-account_workers	2002	0.278440411819
Mexico	Share_of_employed_who_are_own-account_workers	2003	0.173841587934
Mexico	Share_of_employed_who_are_own-account_workers	2000	0.37970126974
Mexico	Share_of_employed_who_are_own-account_workers	2001	0.318588224886
Mexico	Share_of_employed_who_are_own-account_workers	2006	0.0826537026998
Mexico	Share_of_employed_who_are_own-account_workers	2007	0.0445669764749
Mexico	Share_of_employed_who_are_own-account_workers	2004	0.194844273955
Mexico	Share_of_employed_who_are_own-account_workers	2005	0.176164637558
Mexico	Share_of_employed_who_are_own-account_workers	2008	0.0148125756819
Mexico	Share_of_employed_who_are_own-account_workers	2009	0.0253341884336
Norway	Share_of_employed_who_are_own-account_workers	Latest	0.228781632768
Australia	Share_of_employed_who_are_own-account_workers	2008	0.324538988896
Australia	Share_of_employed_who_are_own-account_workers	2009	0.326551505737
Australia	Share_of_employed_who_are_own-account_workers	2006	0.372705219484
Australia	Share_of_employed_who_are_own-account_workers	2007	0.358462972546
Australia	Share_of_employed_who_are_own-account_workers	2004	0.383431475427
Australia	Share_of_employed_who_are_own-account_workers	2005	0.354402232693
Australia	Share_of_employed_who_are_own-account_workers	2002	0.393394129842
Australia	Share_of_employed_who_are_own-account_workers	2003	0.400117122659
Australia	Share_of_employed_who_are_own-account_workers	2000	0.379034054729
Australia	Share_of_employed_who_are_own-account_workers	2001	0.395265258737
Australia	Share_of_employed_who_are_own-account_workers	2014	0.257162005483
Australia	Share_of_employed_who_are_own-account_workers	2011	0.303140164944
Australia	Share_of_employed_who_are_own-account_workers	2010	0.315278902208
Australia	Share_of_employed_who_are_own-account_workers	2013	0.252773618339
Australia	Share_of_employed_who_are_own-account_workers	2012	0.249053263682
South_Africa	Share_of_employed_who_are_own-account_workers	2011	0.121026031401
South_Africa	Share_of_employed_who_are_own-account_workers	2010	0.134296633767
South_Africa	Share_of_employed_who_are_own-account_workers	2013	0.0249366324053
South_Africa	Share_of_employed_who_are_own-account_workers	2012	0.0634570677648
South_Africa	Share_of_employed_who_are_own-account_workers	2008	0.333477902388
South_Africa	Share_of_employed_who_are_own-account_workers	2009	0.213648095323
Hungary	Share_of_employed_who_are_own-account_workers	2000	0.427539192863
Hungary	Share_of_employed_who_are_own-account_workers	2001	0.332213622271
Hungary	Share_of_employed_who_are_own-account_workers	2002	0.305625627632
Hungary	Share_of_employed_who_are_own-account_workers	2003	0.322301828137
Hungary	Share_of_employed_who_are_own-account_workers	2004	0.328537994033
Hungary	Share_of_employed_who_are_own-account_workers	2005	0.269426358137
Hungary	Share_of_employed_who_are_own-account_workers	2006	0.259517474783
Hungary	Share_of_employed_who_are_own-account_workers	2007	0.216265565025
Hungary	Share_of_employed_who_are_own-account_workers	2008	0.237861643341
Hungary	Share_of_employed_who_are_own-account_workers	2009	0.201943736075
Hungary	Share_of_employed_who_are_own-account_workers	2013	0.165399001237
Hungary	Share_of_employed_who_are_own-account_workers	2012	0.147872189759
Hungary	Share_of_employed_who_are_own-account_workers	2011	0.246964764286
Hungary	Share_of_employed_who_are_own-account_workers	2010	0.220890471914
Hungary	Share_of_employed_who_are_own-account_workers	2014	0.169858717023
Estonia	Share_of_employed_who_are_own-account_workers	2012	0.208699021084
Estonia	Share_of_employed_who_are_own-account_workers	2013	0.161161360052
Estonia	Share_of_employed_who_are_own-account_workers	2010	0.175209868708
Estonia	Share_of_employed_who_are_own-account_workers	2011	0.179601164825
Estonia	Share_of_employed_who_are_own-account_workers	2014	0.222798965262
Estonia	Share_of_employed_who_are_own-account_workers	2009	0.16729456192
Estonia	Share_of_employed_who_are_own-account_workers	2008	0.179066157337
Estonia	Share_of_employed_who_are_own-account_workers	2005	0.303720427928
Estonia	Share_of_employed_who_are_own-account_workers	2004	0.385094018402
Estonia	Share_of_employed_who_are_own-account_workers	2007	0.323492555949
Estonia	Share_of_employed_who_are_own-account_workers	2006	0.297648210492
Estonia	Share_of_employed_who_are_own-account_workers	2001	0.301544512895
Estonia	Share_of_employed_who_are_own-account_workers	2000	0.114872130189
Estonia	Share_of_employed_who_are_own-account_workers	2003	0.362007230452
Estonia	Share_of_employed_who_are_own-account_workers	2002	0.260058095519
Switzerland	Share_of_employed_who_are_own-account_workers	2014	0.00498873455719
Switzerland	Share_of_employed_who_are_own-account_workers	2010	0.0153338527444
Switzerland	Share_of_employed_who_are_own-account_workers	2011	0.0245533201899
Switzerland	Share_of_employed_who_are_own-account_workers	2012	0.0422794406469
Switzerland	Share_of_employed_who_are_own-account_workers	2013	0.00528328335176
Switzerland	Share_of_employed_who_are_own-account_workers	2007	0.0192866343446
Switzerland	Share_of_employed_who_are_own-account_workers	2006	0.0128687254292
Switzerland	Share_of_employed_who_are_own-account_workers	2005	0.0232798550503
Switzerland	Share_of_employed_who_are_own-account_workers	2004	0.0774751447435
Switzerland	Share_of_employed_who_are_own-account_workers	2003	0.0236809372653
Switzerland	Share_of_employed_who_are_own-account_workers	2002	0.0696773710771
Switzerland	Share_of_employed_who_are_own-account_workers	2001	0.0606786566526
Switzerland	Share_of_employed_who_are_own-account_workers	2009	0.00746187637359
Switzerland	Share_of_employed_who_are_own-account_workers	2008	0.0261301385839
France	Share_of_employed_who_are_own-account_workers	Latest	0.233543803751
Japan	Share_of_employed_who_are_own-account_workers	2004	0.344476883259
Japan	Share_of_employed_who_are_own-account_workers	2005	0.34702402374
Japan	Share_of_employed_who_are_own-account_workers	2006	0.334183954409
Japan	Share_of_employed_who_are_own-account_workers	2007	0.335219986551
Japan	Share_of_employed_who_are_own-account_workers	2000	0.279174869242
Japan	Share_of_employed_who_are_own-account_workers	2001	0.307031444043
Japan	Share_of_employed_who_are_own-account_workers	2002	0.326730485175
Japan	Share_of_employed_who_are_own-account_workers	2003	0.330534935623
Japan	Share_of_employed_who_are_own-account_workers	2008	0.33948694097
Japan	Share_of_employed_who_are_own-account_workers	2009	0.329320442358
Japan	Share_of_employed_who_are_own-account_workers	2013	0.330610077455
Japan	Share_of_employed_who_are_own-account_workers	2012	0.326184154017
Japan	Share_of_employed_who_are_own-account_workers	2011	0.333557260563
Japan	Share_of_employed_who_are_own-account_workers	2010	0.327600658483
Japan	Share_of_employed_who_are_own-account_workers	2014	0.326897242148
Germany	Share_of_employed_who_are_own-account_workers	2010	0.167424040032
Germany	Share_of_employed_who_are_own-account_workers	2011	0.160299078361
Germany	Share_of_employed_who_are_own-account_workers	2012	0.161522528541
Germany	Share_of_employed_who_are_own-account_workers	2013	0.1436654032
Germany	Share_of_employed_who_are_own-account_workers	2014	0.138199792061
Germany	Share_of_employed_who_are_own-account_workers	2003	0.191054926771
Germany	Share_of_employed_who_are_own-account_workers	2002	0.174828504898
Germany	Share_of_employed_who_are_own-account_workers	2001	0.16516717434
Germany	Share_of_employed_who_are_own-account_workers	2000	0.163889036806
Germany	Share_of_employed_who_are_own-account_workers	2007	0.158345993636
Germany	Share_of_employed_who_are_own-account_workers	2006	0.183785236854
Germany	Share_of_employed_who_are_own-account_workers	2005	0.197862789237
Germany	Share_of_employed_who_are_own-account_workers	2004	0.211666483379
Germany	Share_of_employed_who_are_own-account_workers	2009	0.169166493752
Germany	Share_of_employed_who_are_own-account_workers	2008	0.156322547243
Denmark	Share_of_employed_who_are_own-account_workers	Latest	0.215993091779
Hungary	Share_of_employed_who_are_own-account_workers	Latest	0.169858717023
Iceland	Share_of_employed_who_are_own-account_workers	2000	0.509078709692
Iceland	Share_of_employed_who_are_own-account_workers	2001	0.557679572526
Iceland	Share_of_employed_who_are_own-account_workers	2002	0.593683619682
Iceland	Share_of_employed_who_are_own-account_workers	2003	0.581111013765
Iceland	Share_of_employed_who_are_own-account_workers	2004	0.358692641494
Iceland	Share_of_employed_who_are_own-account_workers	2005	0.611269850954
Iceland	Share_of_employed_who_are_own-account_workers	2006	0.609327461102
Iceland	Share_of_employed_who_are_own-account_workers	2007	0.578322141227
Iceland	Share_of_employed_who_are_own-account_workers	2008	0.425068520971
Iceland	Share_of_employed_who_are_own-account_workers	2009	0.38614545724
Iceland	Share_of_employed_who_are_own-account_workers	2013	0.308838681586
Iceland	Share_of_employed_who_are_own-account_workers	2012	0.272571378406
Iceland	Share_of_employed_who_are_own-account_workers	2011	0.298723755836
Iceland	Share_of_employed_who_are_own-account_workers	2010	0.346970193043
Iceland	Share_of_employed_who_are_own-account_workers	2014	0.334093943746
Israel	Share_of_employed_who_are_own-account_workers	Latest	0.393487505694
Sweden	Share_of_employed_who_are_own-account_workers	Latest	0.275824641468
Mexico	Share_of_employed_who_are_own-account_workers	Latest	0.0478377889854
Switzerland	Share_of_employed_who_are_own-account_workers	Latest	0.00498873455719
Norway	Share_of_employed_who_are_own-account_workers	2003	0.372117746415
Norway	Share_of_employed_who_are_own-account_workers	2002	0.391351268969
Norway	Share_of_employed_who_are_own-account_workers	2001	0.26891613655
Norway	Share_of_employed_who_are_own-account_workers	2000	0.306493516657
Norway	Share_of_employed_who_are_own-account_workers	2007	0.365372798305
Norway	Share_of_employed_who_are_own-account_workers	2006	0.399228018194
Norway	Share_of_employed_who_are_own-account_workers	2005	0.347522413281
Norway	Share_of_employed_who_are_own-account_workers	2004	0.385126566384
Norway	Share_of_employed_who_are_own-account_workers	2009	0.309737630427
Norway	Share_of_employed_who_are_own-account_workers	2008	0.354629976316
Norway	Share_of_employed_who_are_own-account_workers	2010	0.326463058316
Norway	Share_of_employed_who_are_own-account_workers	2011	0.303130100592
Norway	Share_of_employed_who_are_own-account_workers	2012	0.269468745319
Norway	Share_of_employed_who_are_own-account_workers	2013	0.24312503924
Norway	Share_of_employed_who_are_own-account_workers	2014	0.228781632768
Korea	Share_of_employed_who_are_own-account_workers	Latest	0.648278171491
United_Kingdom	Share_of_employed_who_are_own-account_workers	Latest	0.537357115008
Spain	Share_of_employed_who_are_own-account_workers	Latest	0.483101321248
Italy	Share_of_employed_who_are_own-account_workers	2014	0.50953033315
Italy	Share_of_employed_who_are_own-account_workers	2010	0.56367598204
Italy	Share_of_employed_who_are_own-account_workers	2011	0.578609061505
Italy	Share_of_employed_who_are_own-account_workers	2012	0.564972525927
Italy	Share_of_employed_who_are_own-account_workers	2013	0.569633542962
Italy	Share_of_employed_who_are_own-account_workers	2003	0.453296671719
Italy	Share_of_employed_who_are_own-account_workers	2002	0.454889491516
Italy	Share_of_employed_who_are_own-account_workers	2001	0.458486009566
Italy	Share_of_employed_who_are_own-account_workers	2000	0.468569220171
Italy	Share_of_employed_who_are_own-account_workers	2007	0.471284701812
Italy	Share_of_employed_who_are_own-account_workers	2006	0.459689621988
Italy	Share_of_employed_who_are_own-account_workers	2005	0.476997250751
Italy	Share_of_employed_who_are_own-account_workers	2004	0.478563737504
Italy	Share_of_employed_who_are_own-account_workers	2009	0.517749787422
Italy	Share_of_employed_who_are_own-account_workers	2008	0.487743818903
Austria	Share_of_employed_who_are_own-account_workers	2014	0.0669496912838
Austria	Share_of_employed_who_are_own-account_workers	2012	0.0686627888914
Austria	Share_of_employed_who_are_own-account_workers	2013	0.0749738771361
Austria	Share_of_employed_who_are_own-account_workers	2010	0.109743001603
Austria	Share_of_employed_who_are_own-account_workers	2011	0.0855629069336
Austria	Share_of_employed_who_are_own-account_workers	2001	0.0781067632419
Austria	Share_of_employed_who_are_own-account_workers	2000	0.0720662749976
Austria	Share_of_employed_who_are_own-account_workers	2003	0.0662436297338
Austria	Share_of_employed_who_are_own-account_workers	2002	0.0604300178592
Austria	Share_of_employed_who_are_own-account_workers	2005	0.0924750413721
Austria	Share_of_employed_who_are_own-account_workers	2004	0.183426967069
Austria	Share_of_employed_who_are_own-account_workers	2007	0.0665928080546
Austria	Share_of_employed_who_are_own-account_workers	2006	0.121008876151
Austria	Share_of_employed_who_are_own-account_workers	2009	0.0998676840501
Austria	Share_of_employed_who_are_own-account_workers	2008	0.104792062497
Netherlands	Share_of_employed_who_are_own-account_workers	Latest	0.285106635313
Slovak_Republic	Share_of_employed_who_are_own-account_workers	2008	0.65807304717
Slovak_Republic	Share_of_employed_who_are_own-account_workers	2009	0.647124487696
Slovak_Republic	Share_of_employed_who_are_own-account_workers	2000	0.400056371755
Slovak_Republic	Share_of_employed_who_are_own-account_workers	2001	0.406090411123
Slovak_Republic	Share_of_employed_who_are_own-account_workers	2002	0.43280090625
Slovak_Republic	Share_of_employed_who_are_own-account_workers	2003	0.429448136348
Slovak_Republic	Share_of_employed_who_are_own-account_workers	2004	0.488616463039
Slovak_Republic	Share_of_employed_who_are_own-account_workers	2005	0.637737328175
Slovak_Republic	Share_of_employed_who_are_own-account_workers	2006	0.590114843329
Slovak_Republic	Share_of_employed_who_are_own-account_workers	2007	0.652725523035
Slovak_Republic	Share_of_employed_who_are_own-account_workers	2013	0.652856885646
Slovak_Republic	Share_of_employed_who_are_own-account_workers	2012	0.649482678521
Slovak_Republic	Share_of_employed_who_are_own-account_workers	2011	0.710062121334
Slovak_Republic	Share_of_employed_who_are_own-account_workers	2010	0.755897638625
Slovak_Republic	Share_of_employed_who_are_own-account_workers	2014	0.611252728972
Brazil	Share_of_employed_who_are_own-account_workers	2007	0.658878049849
Brazil	Share_of_employed_who_are_own-account_workers	2006	0.696576516042
Brazil	Share_of_employed_who_are_own-account_workers	2005	0.727053522253
Brazil	Share_of_employed_who_are_own-account_workers	2004	0.761781422584
Brazil	Share_of_employed_who_are_own-account_workers	2003	0.847167412333
Brazil	Share_of_employed_who_are_own-account_workers	2002	0.84756456258
Brazil	Share_of_employed_who_are_own-account_workers	2001	0.836668003353
Brazil	Share_of_employed_who_are_own-account_workers	2009	0.627021551236
Brazil	Share_of_employed_who_are_own-account_workers	2008	0.623313973091
Brazil	Share_of_employed_who_are_own-account_workers	2013	0.743731117034
Japan	Share_of_employed_who_are_own-account_workers	Latest	0.326897242148
France	Share_of_employed_who_are_own-account_workers	2014	0.233543803751
France	Share_of_employed_who_are_own-account_workers	2011	0.306147950279
France	Share_of_employed_who_are_own-account_workers	2010	0.281262223087
France	Share_of_employed_who_are_own-account_workers	2013	0.259459831553
France	Share_of_employed_who_are_own-account_workers	2012	0.29180678012
France	Share_of_employed_who_are_own-account_workers	2008	0.23468977697
France	Share_of_employed_who_are_own-account_workers	2009	0.264182813877
France	Share_of_employed_who_are_own-account_workers	2002	0.272765997741
France	Share_of_employed_who_are_own-account_workers	2003	0.298118842156
France	Share_of_employed_who_are_own-account_workers	2000	0.288267267386
France	Share_of_employed_who_are_own-account_workers	2001	0.25801717032
France	Share_of_employed_who_are_own-account_workers	2006	0.269020070262
France	Share_of_employed_who_are_own-account_workers	2007	0.288233110163
France	Share_of_employed_who_are_own-account_workers	2004	0.274999136915
France	Share_of_employed_who_are_own-account_workers	2005	0.273047975131
Poland	Share_of_employed_who_are_own-account_workers	2005	0.482086241775
Poland	Share_of_employed_who_are_own-account_workers	2004	0.495626343606
Poland	Share_of_employed_who_are_own-account_workers	2007	0.451387094345
Poland	Share_of_employed_who_are_own-account_workers	2006	0.461541271675
Poland	Share_of_employed_who_are_own-account_workers	2001	0.370159616207
Poland	Share_of_employed_who_are_own-account_workers	2000	0.439349296887
Poland	Share_of_employed_who_are_own-account_workers	2003	0.566231008552
Poland	Share_of_employed_who_are_own-account_workers	2002	0.444162093226
Poland	Share_of_employed_who_are_own-account_workers	2009	0.440212420779
Poland	Share_of_employed_who_are_own-account_workers	2008	0.433299908734
Poland	Share_of_employed_who_are_own-account_workers	2012	0.491638613181
Poland	Share_of_employed_who_are_own-account_workers	2013	0.502809126262
Poland	Share_of_employed_who_are_own-account_workers	2010	0.453988579484
Poland	Share_of_employed_who_are_own-account_workers	2011	0.472422698725
Poland	Share_of_employed_who_are_own-account_workers	2014	0.535273424691
Portugal	Share_of_employed_who_are_own-account_workers	2001	0.0515640741221
Portugal	Share_of_employed_who_are_own-account_workers	2000	0.0573298723574
Portugal	Share_of_employed_who_are_own-account_workers	2003	0.128632469764
Portugal	Share_of_employed_who_are_own-account_workers	2002	0.0443370662769
Portugal	Share_of_employed_who_are_own-account_workers	2005	0.0970720236356
Portugal	Share_of_employed_who_are_own-account_workers	2004	0.0265574527266
Portugal	Share_of_employed_who_are_own-account_workers	2007	0.0192666617104
Portugal	Share_of_employed_who_are_own-account_workers	2006	0.0596477560785
Portugal	Share_of_employed_who_are_own-account_workers	2009	0.0438191641779
Portugal	Share_of_employed_who_are_own-account_workers	2008	0.0487401487683
Portugal	Share_of_employed_who_are_own-account_workers	2012	0.313980029188
Portugal	Share_of_employed_who_are_own-account_workers	2013	0.262823365655
Portugal	Share_of_employed_who_are_own-account_workers	2010	0.095033607131
Portugal	Share_of_employed_who_are_own-account_workers	2011	0.249478602969
Portugal	Share_of_employed_who_are_own-account_workers	2014	0.296620624672
Greece	Share_of_employed_who_are_own-account_workers	2014	0.775972153008
Greece	Share_of_employed_who_are_own-account_workers	2011	0.595880537983
Greece	Share_of_employed_who_are_own-account_workers	2010	0.558291369777
Greece	Share_of_employed_who_are_own-account_workers	2013	0.754665587204
Greece	Share_of_employed_who_are_own-account_workers	2012	0.698589875166
Greece	Share_of_employed_who_are_own-account_workers	2002	0.682128049036
Greece	Share_of_employed_who_are_own-account_workers	2003	0.671092023572
Greece	Share_of_employed_who_are_own-account_workers	2000	0.789455783938
Greece	Share_of_employed_who_are_own-account_workers	2001	0.727721884458
Greece	Share_of_employed_who_are_own-account_workers	2006	0.60842138136
Greece	Share_of_employed_who_are_own-account_workers	2007	0.635720366637
Greece	Share_of_employed_who_are_own-account_workers	2004	0.662776717117
Greece	Share_of_employed_who_are_own-account_workers	2005	0.650111929855
Greece	Share_of_employed_who_are_own-account_workers	2008	0.524069203868
Greece	Share_of_employed_who_are_own-account_workers	2009	0.574976411542
Netherlands	Share_of_employed_who_are_own-account_workers	2002	0.119503566372
Netherlands	Share_of_employed_who_are_own-account_workers	2003	0.186949035907
Netherlands	Share_of_employed_who_are_own-account_workers	2000	0.138153130626
Netherlands	Share_of_employed_who_are_own-account_workers	2001	0.113354794181
Netherlands	Share_of_employed_who_are_own-account_workers	2006	0.172417464809
Netherlands	Share_of_employed_who_are_own-account_workers	2007	0.1954199503
Netherlands	Share_of_employed_who_are_own-account_workers	2004	0.131019216146
Netherlands	Share_of_employed_who_are_own-account_workers	2005	0.156928104011
Netherlands	Share_of_employed_who_are_own-account_workers	2008	0.185253899443
Netherlands	Share_of_employed_who_are_own-account_workers	2009	0.19906620953
Netherlands	Share_of_employed_who_are_own-account_workers	2014	0.285106635313
Netherlands	Share_of_employed_who_are_own-account_workers	2011	0.286107838312
Netherlands	Share_of_employed_who_are_own-account_workers	2010	0.284733488074
Netherlands	Share_of_employed_who_are_own-account_workers	2013	0.29717439928
Netherlands	Share_of_employed_who_are_own-account_workers	2012	0.285699312892
Korea	Share_of_employed_who_are_own-account_workers	2006	0.574105293602
Korea	Share_of_employed_who_are_own-account_workers	2007	0.588096702644
Korea	Share_of_employed_who_are_own-account_workers	2004	0.629063013562
Korea	Share_of_employed_who_are_own-account_workers	2005	0.604502387262
Korea	Share_of_employed_who_are_own-account_workers	2002	0.642552798561
Korea	Share_of_employed_who_are_own-account_workers	2003	0.746975813355
Korea	Share_of_employed_who_are_own-account_workers	2000	0.649011637708
Korea	Share_of_employed_who_are_own-account_workers	2001	0.653711957991
Korea	Share_of_employed_who_are_own-account_workers	2008	0.619370913065
Korea	Share_of_employed_who_are_own-account_workers	2009	0.623730564679
Korea	Share_of_employed_who_are_own-account_workers	2014	0.648278171491
Korea	Share_of_employed_who_are_own-account_workers	2011	0.624621139567
Korea	Share_of_employed_who_are_own-account_workers	2010	0.606276020233
Korea	Share_of_employed_who_are_own-account_workers	2013	0.664560741035
Korea	Share_of_employed_who_are_own-account_workers	2012	0.666402610089
Turkey	Share_of_employed_who_are_own-account_workers	Latest	0.856545473163
Estonia	Share_of_employed_who_are_own-account_workers	Latest	0.222798965262
Slovenia	Share_of_employed_who_are_own-account_workers	2013	0.43817089044
Slovenia	Share_of_employed_who_are_own-account_workers	2012	0.428289611358
Slovenia	Share_of_employed_who_are_own-account_workers	2011	0.416539730969
Slovenia	Share_of_employed_who_are_own-account_workers	2010	0.387059092557
Slovenia	Share_of_employed_who_are_own-account_workers	2014	0.445876358892
Slovenia	Share_of_employed_who_are_own-account_workers	2004	0.310450428351
Slovenia	Share_of_employed_who_are_own-account_workers	2005	0.384945462756
Slovenia	Share_of_employed_who_are_own-account_workers	2006	0.487820919491
Slovenia	Share_of_employed_who_are_own-account_workers	2007	0.390622995843
Slovenia	Share_of_employed_who_are_own-account_workers	2000	0.394486618427
Slovenia	Share_of_employed_who_are_own-account_workers	2001	0.429105026095
Slovenia	Share_of_employed_who_are_own-account_workers	2002	0.472489263302
Slovenia	Share_of_employed_who_are_own-account_workers	2003	0.41571045865
Slovenia	Share_of_employed_who_are_own-account_workers	2008	0.361597598089
Slovenia	Share_of_employed_who_are_own-account_workers	2009	0.449743774541
Austria	Share_of_employed_who_are_own-account_workers	Latest	0.0669496912838
Turkey	Share_of_employed_who_are_own-account_workers	2007	0.991806312814
Turkey	Share_of_employed_who_are_own-account_workers	2006	1.0
Turkey	Share_of_employed_who_are_own-account_workers	2009	0.826457857831
Turkey	Share_of_employed_who_are_own-account_workers	2008	0.973279362569
Turkey	Share_of_employed_who_are_own-account_workers	2014	0.856545473163
Turkey	Share_of_employed_who_are_own-account_workers	2010	0.753725859436
Turkey	Share_of_employed_who_are_own-account_workers	2011	0.808447561128
Turkey	Share_of_employed_who_are_own-account_workers	2012	0.852724062552
Turkey	Share_of_employed_who_are_own-account_workers	2013	0.836786044523
Slovenia	Share_of_employed_who_are_own-account_workers	Latest	0.445876358892
Canada	Share_of_employed_who_are_own-account_workers	Latest	0.253785557281
Czech_Republic	Share_of_employed_who_are_own-account_workers	Latest	0.543186115671
Sweden	Share_of_employed_who_are_own-account_workers	2009	0.314016594153
Sweden	Share_of_employed_who_are_own-account_workers	2008	0.309848140993
Sweden	Share_of_employed_who_are_own-account_workers	2005	0.354366288473
Sweden	Share_of_employed_who_are_own-account_workers	2004	0.388473611817
Sweden	Share_of_employed_who_are_own-account_workers	2007	0.330007107745
Sweden	Share_of_employed_who_are_own-account_workers	2006	0.367474362367
Sweden	Share_of_employed_who_are_own-account_workers	2001	0.343671115265
Sweden	Share_of_employed_who_are_own-account_workers	2000	0.386277365437
Sweden	Share_of_employed_who_are_own-account_workers	2003	0.353909035257
Sweden	Share_of_employed_who_are_own-account_workers	2002	0.345271113851
Sweden	Share_of_employed_who_are_own-account_workers	2012	0.301686065864
Sweden	Share_of_employed_who_are_own-account_workers	2013	0.283080142196
Sweden	Share_of_employed_who_are_own-account_workers	2010	0.305163586038
Sweden	Share_of_employed_who_are_own-account_workers	2011	0.314675227474
Sweden	Share_of_employed_who_are_own-account_workers	2014	0.275824641468
Canada	Share_of_employed_who_are_own-account_workers	2007	0.280873989833
Canada	Share_of_employed_who_are_own-account_workers	2006	0.350732644922
Canada	Share_of_employed_who_are_own-account_workers	2005	0.317646897077
Canada	Share_of_employed_who_are_own-account_workers	2004	0.31837229655
Canada	Share_of_employed_who_are_own-account_workers	2003	0.286501136187
Canada	Share_of_employed_who_are_own-account_workers	2002	0.262049521035
Canada	Share_of_employed_who_are_own-account_workers	2001	0.282439341631
Canada	Share_of_employed_who_are_own-account_workers	2009	0.352756268659
Canada	Share_of_employed_who_are_own-account_workers	2008	0.310968154502
Canada	Share_of_employed_who_are_own-account_workers	2014	0.253785557281
Canada	Share_of_employed_who_are_own-account_workers	2010	0.320431502097
Canada	Share_of_employed_who_are_own-account_workers	2011	0.289625703045
Canada	Share_of_employed_who_are_own-account_workers	2012	0.278727118199
Canada	Share_of_employed_who_are_own-account_workers	2013	0.235338954938
Ireland	Share_of_employed_who_are_own-account_workers	Latest	0.930091074244
United_States	Share_of_employed_who_are_own-account_workers	Latest	0.212864086631
Israel	Share_of_employed_who_are_own-account_workers	2009	0.294394936341
Israel	Share_of_employed_who_are_own-account_workers	2008	0.320665086912
Israel	Share_of_employed_who_are_own-account_workers	2010	0.320577913676
Israel	Share_of_employed_who_are_own-account_workers	2011	0.270610186359
Israel	Share_of_employed_who_are_own-account_workers	2014	0.393487505694
Italy	Share_of_employed_who_are_own-account_workers	Latest	0.50953033315
Slovak_Republic	Share_of_employed_who_are_own-account_workers	Latest	0.611252728972
Greece	Share_of_employed_who_are_own-account_workers	Latest	0.775972153008
United_Kingdom	Share_of_employed_who_are_own-account_workers	2007	0.571549582191
United_Kingdom	Share_of_employed_who_are_own-account_workers	2006	0.564026463624
United_Kingdom	Share_of_employed_who_are_own-account_workers	2005	0.57105594809
United_Kingdom	Share_of_employed_who_are_own-account_workers	2004	0.576472387949
United_Kingdom	Share_of_employed_who_are_own-account_workers	2003	0.534695659807
United_Kingdom	Share_of_employed_who_are_own-account_workers	2002	0.526093927568
United_Kingdom	Share_of_employed_who_are_own-account_workers	2001	0.487853329802
United_Kingdom	Share_of_employed_who_are_own-account_workers	2000	0.444891069322
United_Kingdom	Share_of_employed_who_are_own-account_workers	2009	0.562264018295
United_Kingdom	Share_of_employed_who_are_own-account_workers	2008	0.561660600583
United_Kingdom	Share_of_employed_who_are_own-account_workers	2014	0.537357115008
United_Kingdom	Share_of_employed_who_are_own-account_workers	2010	0.564671082389
United_Kingdom	Share_of_employed_who_are_own-account_workers	2011	0.561752305998
United_Kingdom	Share_of_employed_who_are_own-account_workers	2012	0.577277692581
United_Kingdom	Share_of_employed_who_are_own-account_workers	2013	0.554379422631
Germany	Share_of_employed_who_are_own-account_workers	Latest	0.138199792061
Finland	Share_of_employed_who_are_own-account_workers	2008	0.330092796595
Finland	Share_of_employed_who_are_own-account_workers	2009	0.339623433095
Finland	Share_of_employed_who_are_own-account_workers	2002	0.286197289013
Finland	Share_of_employed_who_are_own-account_workers	2003	0.332392747347
Finland	Share_of_employed_who_are_own-account_workers	2000	0.379153750893
Finland	Share_of_employed_who_are_own-account_workers	2001	0.336293289997
Finland	Share_of_employed_who_are_own-account_workers	2006	0.371250878578
Finland	Share_of_employed_who_are_own-account_workers	2007	0.345616378522
Finland	Share_of_employed_who_are_own-account_workers	2004	0.313120862481
Finland	Share_of_employed_who_are_own-account_workers	2005	0.328355066363
Finland	Share_of_employed_who_are_own-account_workers	2014	0.315364995278
Finland	Share_of_employed_who_are_own-account_workers	2011	0.374051366143
Finland	Share_of_employed_who_are_own-account_workers	2010	0.327792761073
Finland	Share_of_employed_who_are_own-account_workers	2013	0.337562768462
Finland	Share_of_employed_who_are_own-account_workers	2012	0.360830263952
New_Zealand	Share_of_employed_who_are_own-account_workers	2014	0.393548048778
New_Zealand	Share_of_employed_who_are_own-account_workers	2012	0.421938903866
New_Zealand	Share_of_employed_who_are_own-account_workers	2013	0.375660710997
New_Zealand	Share_of_employed_who_are_own-account_workers	2010	0.454715611528
New_Zealand	Share_of_employed_who_are_own-account_workers	2011	0.441152778574
New_Zealand	Share_of_employed_who_are_own-account_workers	2009	0.450752189268
New_Zealand	Share_of_employed_who_are_own-account_workers	2008	0.461679562133
New_Zealand	Share_of_employed_who_are_own-account_workers	2001	0.561199122071
New_Zealand	Share_of_employed_who_are_own-account_workers	2000	0.581892354653
New_Zealand	Share_of_employed_who_are_own-account_workers	2003	0.557177176267
New_Zealand	Share_of_employed_who_are_own-account_workers	2002	0.563879079896
New_Zealand	Share_of_employed_who_are_own-account_workers	2005	0.487508418834
New_Zealand	Share_of_employed_who_are_own-account_workers	2004	0.51217260239
New_Zealand	Share_of_employed_who_are_own-account_workers	2007	0.434550423596
New_Zealand	Share_of_employed_who_are_own-account_workers	2006	0.520993375895
Belgium	Share_of_employed_who_are_own-account_workers	Latest	0.36732222172
Finland	Share_of_employed_who_are_own-account_workers	Latest	0.315364995278
Chile	Share_of_employed_who_are_own-account_workers	Latest	0.24228449459
Chile	Share_of_employed_who_are_own-account_workers	2014	0.24228449459
Chile	Share_of_employed_who_are_own-account_workers	2012	0.368559384748
Chile	Share_of_employed_who_are_own-account_workers	2013	0.414465170394
Chile	Share_of_employed_who_are_own-account_workers	2010	0.266414548754
Chile	Share_of_employed_who_are_own-account_workers	2011	0.407294403452
Chile	Share_of_employed_who_are_own-account_workers	2009	0.150880111285
Chile	Share_of_employed_who_are_own-account_workers	2008	0.0963515456925
Chile	Share_of_employed_who_are_own-account_workers	2005	0.16855395402
Chile	Share_of_employed_who_are_own-account_workers	2004	0.0
Chile	Share_of_employed_who_are_own-account_workers	2006	0.0149127928845
Chile	Share_of_employed_who_are_own-account_workers	2001	0.145543636629
Chile	Share_of_employed_who_are_own-account_workers	2003	0.0238875762575
Chile	Share_of_employed_who_are_own-account_workers	2002	0.145543636629
Luxembourg	Share_of_employed_who_are_own-account_workers	2001	0.0255645707831
Luxembourg	Share_of_employed_who_are_own-account_workers	2000	0.0256065840556
Luxembourg	Share_of_employed_who_are_own-account_workers	2003	0.0217473275589
Luxembourg	Share_of_employed_who_are_own-account_workers	2002	0.0297340306742
Luxembourg	Share_of_employed_who_are_own-account_workers	2005	0.0555284574417
Luxembourg	Share_of_employed_who_are_own-account_workers	2004	0.0508538806712
Luxembourg	Share_of_employed_who_are_own-account_workers	2007	0.00190962000563
Luxembourg	Share_of_employed_who_are_own-account_workers	2006	0.0325384123387
Luxembourg	Share_of_employed_who_are_own-account_workers	2009	0.00125664888938
Luxembourg	Share_of_employed_who_are_own-account_workers	2008	0.00110279870591
Luxembourg	Share_of_employed_who_are_own-account_workers	2014	0.0131824672494
Luxembourg	Share_of_employed_who_are_own-account_workers	2012	0.0106780446545
Luxembourg	Share_of_employed_who_are_own-account_workers	2013	0.00656945280125
Luxembourg	Share_of_employed_who_are_own-account_workers	2010	0.0363878104132
Luxembourg	Share_of_employed_who_are_own-account_workers	2011	0.00174003685902
Australia	Share_of_employed_who_are_own-account_workers	Latest	0.257162005483
Czech_Republic	Share_of_employed_who_are_own-account_workers	2014	0.543186115671
Czech_Republic	Share_of_employed_who_are_own-account_workers	2013	0.504543748903
Czech_Republic	Share_of_employed_who_are_own-account_workers	2012	0.548099592001
Czech_Republic	Share_of_employed_who_are_own-account_workers	2011	0.543248847262
Czech_Republic	Share_of_employed_who_are_own-account_workers	2010	0.581966351017
Czech_Republic	Share_of_employed_who_are_own-account_workers	2008	0.596695324827
Czech_Republic	Share_of_employed_who_are_own-account_workers	2009	0.570122467952
Czech_Republic	Share_of_employed_who_are_own-account_workers	2004	0.627326411547
Czech_Republic	Share_of_employed_who_are_own-account_workers	2005	0.622683287971
Czech_Republic	Share_of_employed_who_are_own-account_workers	2006	0.572277400251
Czech_Republic	Share_of_employed_who_are_own-account_workers	2007	0.598610303441
Czech_Republic	Share_of_employed_who_are_own-account_workers	2000	0.503265807688
Czech_Republic	Share_of_employed_who_are_own-account_workers	2001	0.494000420302
Czech_Republic	Share_of_employed_who_are_own-account_workers	2002	0.583579029846
Czech_Republic	Share_of_employed_who_are_own-account_workers	2003	0.596407772878
Ireland	Share_of_employed_who_are_own-account_workers	2012	0.908619102865
Ireland	Share_of_employed_who_are_own-account_workers	2013	0.961162024497
Ireland	Share_of_employed_who_are_own-account_workers	2010	0.911671804284
Ireland	Share_of_employed_who_are_own-account_workers	2011	0.907599768279
Ireland	Share_of_employed_who_are_own-account_workers	2014	0.930091074244
Ireland	Share_of_employed_who_are_own-account_workers	2009	0.979172876644
Ireland	Share_of_employed_who_are_own-account_workers	2008	0.885356027019
Ireland	Share_of_employed_who_are_own-account_workers	2005	0.890603144861
Ireland	Share_of_employed_who_are_own-account_workers	2004	0.940873517863
Ireland	Share_of_employed_who_are_own-account_workers	2007	0.873327007488
Ireland	Share_of_employed_who_are_own-account_workers	2006	0.864380841526
Ireland	Share_of_employed_who_are_own-account_workers	2001	0.934477402749
Ireland	Share_of_employed_who_are_own-account_workers	2000	0.940734903437
Ireland	Share_of_employed_who_are_own-account_workers	2003	0.896378023964
Ireland	Share_of_employed_who_are_own-account_workers	2002	0.930347935194
Denmark	Share_of_employed_who_are_own-account_workers	2000	0.225520474146
Denmark	Share_of_employed_who_are_own-account_workers	2001	0.266847361474
Denmark	Share_of_employed_who_are_own-account_workers	2002	0.280300775691
Denmark	Share_of_employed_who_are_own-account_workers	2003	0.264492800089
Denmark	Share_of_employed_who_are_own-account_workers	2004	0.286310224326
Denmark	Share_of_employed_who_are_own-account_workers	2005	0.219910261834
Denmark	Share_of_employed_who_are_own-account_workers	2006	0.207236712416
Denmark	Share_of_employed_who_are_own-account_workers	2007	0.234209889394
Denmark	Share_of_employed_who_are_own-account_workers	2008	0.252512346453
Denmark	Share_of_employed_who_are_own-account_workers	2009	0.2632709534
Denmark	Share_of_employed_who_are_own-account_workers	2013	0.233831145089
Denmark	Share_of_employed_who_are_own-account_workers	2012	0.231042764088
Denmark	Share_of_employed_who_are_own-account_workers	2011	0.256645013681
Denmark	Share_of_employed_who_are_own-account_workers	2010	0.241876070616
Denmark	Share_of_employed_who_are_own-account_workers	2014	0.215993091779
